model,macro_f1
logreg,0.31507191994996875
rf,0.3212104513936722
