model,macro_f1
logreg,0.3382313472893183
rf,0.35547749154306535
